{
  "T03_Create" : {
    "transaction" : "T03_Create",
    "sampleCount" : 144,
    "errorCount" : 0,
    "errorPct" : 0.0,
    "meanResTime" : 5064.166666666668,
    "medianResTime" : 5060.5,
    "minResTime" : 5036.0,
    "maxResTime" : 5135.0,
    "pct1ResTime" : 5090.0,
    "pct2ResTime" : 5096.0,
    "pct3ResTime" : 5133.2,
    "throughput" : 0.4862712785895431,
    "receivedKBytesPerSec" : 0.6862032502085227,
    "sentKBytesPerSec" : 0.14483666012676824
  },
  "T04_Update" : {
    "transaction" : "T04_Update",
    "sampleCount" : 144,
    "errorCount" : 0,
    "errorPct" : 0.0,
    "meanResTime" : 5131.743055555554,
    "medianResTime" : 5114.5,
    "minResTime" : 5071.0,
    "maxResTime" : 5298.0,
    "pct1ResTime" : 5191.5,
    "pct2ResTime" : 5214.5,
    "pct3ResTime" : 5293.95,
    "throughput" : 0.4862138125240575,
    "receivedKBytesPerSec" : 0.6255234870393631,
    "sentKBytesPerSec" : 0.15146699823747492
  },
  "T01_GetUsers" : {
    "transaction" : "T01_GetUsers",
    "sampleCount" : 152,
    "errorCount" : 0,
    "errorPct" : 0.0,
    "meanResTime" : 5121.131578947366,
    "medianResTime" : 5090.5,
    "minResTime" : 5045.0,
    "maxResTime" : 6227.0,
    "pct1ResTime" : 5152.7,
    "pct2ResTime" : 5191.8,
    "pct3ResTime" : 6221.7,
    "throughput" : 0.48008439378290707,
    "receivedKBytesPerSec" : 13.475804348632865,
    "sentKBytesPerSec" : 0.0787638458550082
  },
  "T05_Delete" : {
    "transaction" : "T05_Delete",
    "sampleCount" : 144,
    "errorCount" : 0,
    "errorPct" : 0.0,
    "meanResTime" : 5122.500000000002,
    "medianResTime" : 5110.0,
    "minResTime" : 5067.0,
    "maxResTime" : 5336.0,
    "pct1ResTime" : 5172.5,
    "pct2ResTime" : 5192.75,
    "pct3ResTime" : 5296.850000000001,
    "throughput" : 0.48634518349398487,
    "receivedKBytesPerSec" : 0.5636526159207123,
    "sentKBytesPerSec" : 0.08881498956384293
  },
  "Total" : {
    "transaction" : "Total",
    "sampleCount" : 0,
    "errorCount" : 0,
    "errorPct" : "NaN",
    "meanResTime" : "NaN",
    "medianResTime" : "NaN",
    "minResTime" : 9.223372036854776E18,
    "maxResTime" : -9.223372036854776E18,
    "pct1ResTime" : "NaN",
    "pct2ResTime" : "NaN",
    "pct3ResTime" : "NaN",
    "throughput" : 0.0,
    "receivedKBytesPerSec" : 0.0,
    "sentKBytesPerSec" : 0.0
  },
  "T02_GetUserByID" : {
    "transaction" : "T02_GetUserByID",
    "sampleCount" : 148,
    "errorCount" : 0,
    "errorPct" : 0.0,
    "meanResTime" : 5036.20945945946,
    "medianResTime" : 5034.0,
    "minResTime" : 5020.0,
    "maxResTime" : 5079.0,
    "pct1ResTime" : 5054.0,
    "pct2ResTime" : 5060.1,
    "pct3ResTime" : 5076.0599999999995,
    "throughput" : 0.475754215085909,
    "receivedKBytesPerSec" : 0.6931228351977756,
    "sentKBytesPerSec" : 0.07898263336387161
  }
}