{
  "T03_Create" : {
    "transaction" : "T03_Create",
    "sampleCount" : 144,
    "errorCount" : 0,
    "errorPct" : 0.0,
    "meanResTime" : 91.69444444444443,
    "medianResTime" : 87.0,
    "minResTime" : 80.0,
    "maxResTime" : 235.0,
    "pct1ResTime" : 95.0,
    "pct2ResTime" : 99.0,
    "pct3ResTime" : 232.75000000000006,
    "throughput" : 0.4961975417546785,
    "receivedKBytesPerSec" : 0.7000895858387289,
    "sentKBytesPerSec" : 0.14779321312029
  },
  "T04_Update" : {
    "transaction" : "T04_Update",
    "sampleCount" : 144,
    "errorCount" : 0,
    "errorPct" : 0.0,
    "meanResTime" : 117.63194444444444,
    "medianResTime" : 112.0,
    "minResTime" : 87.0,
    "maxResTime" : 281.0,
    "pct1ResTime" : 126.0,
    "pct2ResTime" : 169.25,
    "pct3ResTime" : 270.65000000000026,
    "throughput" : 0.4962129304819468,
    "receivedKBytesPerSec" : 0.6382697653843239,
    "sentKBytesPerSec" : 0.15458195783568462
  },
  "T01_GetUsers" : {
    "transaction" : "T01_GetUsers",
    "sampleCount" : 152,
    "errorCount" : 0,
    "errorPct" : 0.0,
    "meanResTime" : 46.14473684210526,
    "medianResTime" : 43.0,
    "minResTime" : 16.0,
    "maxResTime" : 240.0,
    "pct1ResTime" : 53.0,
    "pct2ResTime" : 61.39999999999998,
    "pct3ResTime" : 238.94,
    "throughput" : 0.4887208375131826,
    "receivedKBytesPerSec" : 13.722126132578387,
    "sentKBytesPerSec" : 0.08018076240450651
  },
  "T05_Delete" : {
    "transaction" : "T05_Delete",
    "sampleCount" : 144,
    "errorCount" : 0,
    "errorPct" : 0.0,
    "meanResTime" : 111.67361111111113,
    "medianResTime" : 110.0,
    "minResTime" : 83.0,
    "maxResTime" : 238.0,
    "pct1ResTime" : 121.5,
    "pct2ResTime" : 131.0,
    "pct3ResTime" : 216.85000000000053,
    "throughput" : 0.4962488412244941,
    "receivedKBytesPerSec" : 0.5756992714791317,
    "sentKBytesPerSec" : 0.09062356768455114
  },
  "Total" : {
    "transaction" : "Total",
    "sampleCount" : 0,
    "errorCount" : 0,
    "errorPct" : "NaN",
    "meanResTime" : "NaN",
    "medianResTime" : "NaN",
    "minResTime" : 9.223372036854776E18,
    "maxResTime" : -9.223372036854776E18,
    "pct1ResTime" : "NaN",
    "pct2ResTime" : "NaN",
    "pct3ResTime" : "NaN",
    "throughput" : 0.0,
    "receivedKBytesPerSec" : 0.0,
    "sentKBytesPerSec" : 0.0
  },
  "T02_GetUserByID" : {
    "transaction" : "T02_GetUserByID",
    "sampleCount" : 148,
    "errorCount" : 0,
    "errorPct" : 0.0,
    "meanResTime" : 16.331081081081088,
    "medianResTime" : 16.0,
    "minResTime" : 9.0,
    "maxResTime" : 23.0,
    "pct1ResTime" : 19.099999999999994,
    "pct2ResTime" : 21.0,
    "pct3ResTime" : 22.50999999999999,
    "throughput" : 0.4850153205852955,
    "receivedKBytesPerSec" : 0.7054087503481952,
    "sentKBytesPerSec" : 0.0805201215815432
  }
}