{
  "T03_Create" : {
    "transaction" : "T03_Create",
    "sampleCount" : 144,
    "errorCount" : 0,
    "errorPct" : 0.0,
    "meanResTime" : 51.39583333333333,
    "medianResTime" : 51.0,
    "minResTime" : 39.0,
    "maxResTime" : 125.0,
    "pct1ResTime" : 58.0,
    "pct2ResTime" : 59.75,
    "pct3ResTime" : 113.75000000000028,
    "throughput" : 0.4980406940750451,
    "receivedKBytesPerSec" : 0.7026293100839407,
    "sentKBytesPerSec" : 0.14834219891883668
  },
  "T04_Update" : {
    "transaction" : "T04_Update",
    "sampleCount" : 144,
    "errorCount" : 0,
    "errorPct" : 0.0,
    "meanResTime" : 84.94444444444449,
    "medianResTime" : 85.5,
    "minResTime" : 60.0,
    "maxResTime" : 222.0,
    "pct1ResTime" : 95.0,
    "pct2ResTime" : 128.25,
    "pct3ResTime" : 209.8500000000003,
    "throughput" : 0.49799935675083085,
    "receivedKBytesPerSec" : 0.6400542676642793,
    "sentKBytesPerSec" : 0.15513847148780768
  },
  "T01_GetUsers" : {
    "transaction" : "T01_GetUsers",
    "sampleCount" : 152,
    "errorCount" : 0,
    "errorPct" : 0.0,
    "meanResTime" : 65.25000000000004,
    "medianResTime" : 54.0,
    "minResTime" : 37.0,
    "maxResTime" : 312.0,
    "pct1ResTime" : 90.30000000000032,
    "pct2ResTime" : 172.35,
    "pct3ResTime" : 312.0,
    "throughput" : 0.4902055638331495,
    "receivedKBytesPerSec" : 13.761741400843023,
    "sentKBytesPerSec" : 0.08042435031637608
  },
  "T05_Delete" : {
    "transaction" : "T05_Delete",
    "sampleCount" : 144,
    "errorCount" : 0,
    "errorPct" : 0.0,
    "meanResTime" : 81.91666666666664,
    "medianResTime" : 84.0,
    "minResTime" : 58.0,
    "maxResTime" : 159.0,
    "pct1ResTime" : 92.5,
    "pct2ResTime" : 105.75,
    "pct3ResTime" : 157.65000000000003,
    "throughput" : 0.4981096048676378,
    "receivedKBytesPerSec" : 0.5772870613868202,
    "sentKBytesPerSec" : 0.09096337510766431
  },
  "Total" : {
    "transaction" : "Total",
    "sampleCount" : 0,
    "errorCount" : 0,
    "errorPct" : "NaN",
    "meanResTime" : "NaN",
    "medianResTime" : "NaN",
    "minResTime" : 9.223372036854776E18,
    "maxResTime" : -9.223372036854776E18,
    "pct1ResTime" : "NaN",
    "pct2ResTime" : "NaN",
    "pct3ResTime" : "NaN",
    "throughput" : 0.0,
    "receivedKBytesPerSec" : 0.0,
    "sentKBytesPerSec" : 0.0
  },
  "T02_GetUserByID" : {
    "transaction" : "T02_GetUserByID",
    "sampleCount" : 148,
    "errorCount" : 0,
    "errorPct" : 0.0,
    "meanResTime" : 20.412162162162158,
    "medianResTime" : 21.0,
    "minResTime" : 14.0,
    "maxResTime" : 26.0,
    "pct1ResTime" : 25.0,
    "pct2ResTime" : 25.0,
    "pct3ResTime" : 26.0,
    "throughput" : 0.4868981626174066,
    "receivedKBytesPerSec" : 0.7086547793331469,
    "sentKBytesPerSec" : 0.0808327027782804
  }
}