{
  "T03_Create" : {
    "transaction" : "T03_Create",
    "sampleCount" : 144,
    "errorCount" : 0,
    "errorPct" : 0.0,
    "meanResTime" : 5091.479166666669,
    "medianResTime" : 5088.0,
    "minResTime" : 5076.0,
    "maxResTime" : 5488.0,
    "pct1ResTime" : 5100.5,
    "pct2ResTime" : 5108.5,
    "pct3ResTime" : 5335.4500000000035,
    "throughput" : 0.4880379856232143,
    "receivedKBytesPerSec" : 0.6891365370993597,
    "sentKBytesPerSec" : 0.1453628765772269
  },
  "T04_Update" : {
    "transaction" : "T04_Update",
    "sampleCount" : 144,
    "errorCount" : 0,
    "errorPct" : 0.0,
    "meanResTime" : 5112.5972222222235,
    "medianResTime" : 5111.0,
    "minResTime" : 5082.0,
    "maxResTime" : 5269.0,
    "pct1ResTime" : 5125.0,
    "pct2ResTime" : 5168.75,
    "pct3ResTime" : 5265.85,
    "throughput" : 0.48804956414462536,
    "receivedKBytesPerSec" : 0.6279944403867792,
    "sentKBytesPerSec" : 0.15203887789271042
  },
  "T01_GetUsers" : {
    "transaction" : "T01_GetUsers",
    "sampleCount" : 152,
    "errorCount" : 0,
    "errorPct" : 0.0,
    "meanResTime" : 5065.4473684210525,
    "medianResTime" : 5039.0,
    "minResTime" : 5016.0,
    "maxResTime" : 6164.0,
    "pct1ResTime" : 5050.0,
    "pct2ResTime" : 5063.4,
    "pct3ResTime" : 6162.94,
    "throughput" : 0.481649777236978,
    "receivedKBytesPerSec" : 13.522151631747057,
    "sentKBytesPerSec" : 0.07902066657794171
  },
  "GET /posts/3" : {
    "transaction" : "GET /posts/3",
    "sampleCount" : 148,
    "errorCount" : 0,
    "errorPct" : 0.0,
    "meanResTime" : 14.858108108108109,
    "medianResTime" : 15.5,
    "minResTime" : 9.0,
    "maxResTime" : 26.0,
    "pct1ResTime" : 19.0,
    "pct2ResTime" : 20.0,
    "pct3ResTime" : 24.529999999999973,
    "throughput" : 0.485144100909973,
    "receivedKBytesPerSec" : 0.7092453858042902,
    "sentKBytesPerSec" : 0.08054150112763223
  },
  "T05_Delete" : {
    "transaction" : "T05_Delete",
    "sampleCount" : 144,
    "errorCount" : 0,
    "errorPct" : 0.0,
    "meanResTime" : 5110.194444444449,
    "medianResTime" : 5109.0,
    "minResTime" : 5081.0,
    "maxResTime" : 5284.0,
    "pct1ResTime" : 5126.5,
    "pct2ResTime" : 5145.75,
    "pct3ResTime" : 5279.5,
    "throughput" : 0.4882944958359331,
    "receivedKBytesPerSec" : 0.566918466475531,
    "sentKBytesPerSec" : 0.08917096750128856
  },
  "Total" : {
    "transaction" : "Total",
    "sampleCount" : 732,
    "errorCount" : 0,
    "errorPct" : 0.0,
    "meanResTime" : 72.3565573770492,
    "medianResTime" : 84.0,
    "minResTime" : 9.0,
    "maxResTime" : 487.0,
    "pct1ResTime" : 115.0,
    "pct2ResTime" : 123.70000000000005,
    "pct3ResTime" : 253.01999999999975,
    "throughput" : 2.3559173111645375,
    "receivedKBytesPerSec" : 16.219545640064435,
    "sentKBytesPerSec" : 0.5263952453597762
  },
  "T02_GetUserByID" : {
    "transaction" : "T02_GetUserByID",
    "sampleCount" : 148,
    "errorCount" : 0,
    "errorPct" : 0.0,
    "meanResTime" : 5016.2027027027025,
    "medianResTime" : 5017.0,
    "minResTime" : 5010.0,
    "maxResTime" : 5028.0,
    "pct1ResTime" : 5021.0,
    "pct2ResTime" : 5022.0,
    "pct3ResTime" : 5027.02,
    "throughput" : 0.4773146535598643,
    "receivedKBytesPerSec" : 0.6977993032979863,
    "sentKBytesPerSec" : 0.07924169053239935
  },
  "GET /posts/" : {
    "transaction" : "GET /posts/",
    "sampleCount" : 152,
    "errorCount" : 0,
    "errorPct" : 0.0,
    "meanResTime" : 39.907894736842124,
    "medianResTime" : 38.0,
    "minResTime" : 15.0,
    "maxResTime" : 249.0,
    "pct1ResTime" : 49.0,
    "pct2ResTime" : 62.39999999999998,
    "pct3ResTime" : 247.94,
    "throughput" : 0.49084984838552387,
    "receivedKBytesPerSec" : 13.780440461043638,
    "sentKBytesPerSec" : 0.08053005325075001
  },
  "PUT /posts/3" : {
    "transaction" : "PUT /posts/3",
    "sampleCount" : 144,
    "errorCount" : 0,
    "errorPct" : 0.0,
    "meanResTime" : 111.29861111111109,
    "medianResTime" : 110.0,
    "minResTime" : 81.0,
    "maxResTime" : 268.0,
    "pct1ResTime" : 124.0,
    "pct2ResTime" : 167.75,
    "pct3ResTime" : 263.5000000000001,
    "throughput" : 0.49647468496267816,
    "receivedKBytesPerSec" : 0.6388354070058094,
    "sentKBytesPerSec" : 0.15466350049130306
  },
  "POST /posts" : {
    "transaction" : "POST /posts",
    "sampleCount" : 144,
    "errorCount" : 0,
    "errorPct" : 0.0,
    "meanResTime" : 90.1527777777778,
    "medianResTime" : 86.0,
    "minResTime" : 75.0,
    "maxResTime" : 487.0,
    "pct1ResTime" : 99.5,
    "pct2ResTime" : 107.5,
    "pct3ResTime" : 334.45000000000385,
    "throughput" : 0.4964575683922015,
    "receivedKBytesPerSec" : 0.7010254520694351,
    "sentKBytesPerSec" : 0.14787066246056782
  },
  "DELETE /posts/3" : {
    "transaction" : "DELETE /posts/3",
    "sampleCount" : 144,
    "errorCount" : 0,
    "errorPct" : 0.0,
    "meanResTime" : 108.9652777777778,
    "medianResTime" : 108.0,
    "minResTime" : 80.0,
    "maxResTime" : 282.0,
    "pct1ResTime" : 125.0,
    "pct2ResTime" : 144.5,
    "pct3ResTime" : 277.9500000000001,
    "throughput" : 0.4967195810998199,
    "receivedKBytesPerSec" : 0.5767001381070155,
    "sentKBytesPerSec" : 0.09070953287662728
  }
}