{
  "T03_Create" : {
    "transaction" : "T03_Create",
    "sampleCount" : 144,
    "errorCount" : 0,
    "errorPct" : 0.0,
    "meanResTime" : 5090.229166666669,
    "medianResTime" : 5088.0,
    "minResTime" : 5084.0,
    "maxResTime" : 5127.0,
    "pct1ResTime" : 5099.0,
    "pct2ResTime" : 5108.0,
    "pct3ResTime" : 5126.55,
    "throughput" : 0.4877173136259412,
    "receivedKBytesPerSec" : 0.6883099780103843,
    "sentKBytesPerSec" : 0.14526736392178913
  },
  "T04_Update" : {
    "transaction" : "T04_Update",
    "sampleCount" : 144,
    "errorCount" : 0,
    "errorPct" : 0.0,
    "meanResTime" : 5118.840277777778,
    "medianResTime" : 5112.0,
    "minResTime" : 5104.0,
    "maxResTime" : 5270.0,
    "pct1ResTime" : 5129.0,
    "pct2ResTime" : 5143.75,
    "pct3ResTime" : 5269.55,
    "throughput" : 0.4877619179882531,
    "receivedKBytesPerSec" : 0.6275316939395582,
    "sentKBytesPerSec" : 0.15194926937329367
  },
  "T01_GetUsers" : {
    "transaction" : "T01_GetUsers",
    "sampleCount" : 152,
    "errorCount" : 0,
    "errorPct" : 0.0,
    "meanResTime" : 5073.046052631579,
    "medianResTime" : 5043.0,
    "minResTime" : 5037.0,
    "maxResTime" : 6110.0,
    "pct1ResTime" : 5056.7,
    "pct2ResTime" : 5067.35,
    "pct3ResTime" : 6110.0,
    "throughput" : 0.4809883043896511,
    "receivedKBytesPerSec" : 13.505966667826945,
    "sentKBytesPerSec" : 0.07891214368892714
  },
  "T05_Delete" : {
    "transaction" : "T05_Delete",
    "sampleCount" : 144,
    "errorCount" : 0,
    "errorPct" : 0.0,
    "meanResTime" : 5115.5,
    "medianResTime" : 5110.0,
    "minResTime" : 5103.0,
    "maxResTime" : 5258.0,
    "pct1ResTime" : 5124.0,
    "pct2ResTime" : 5136.5,
    "pct3ResTime" : 5257.1,
    "throughput" : 0.4880297155871268,
    "receivedKBytesPerSec" : 0.5663032532772551,
    "sentKBytesPerSec" : 0.08912261407694601
  },
  "Total" : {
    "transaction" : "Total",
    "sampleCount" : 0,
    "errorCount" : 0,
    "errorPct" : "NaN",
    "meanResTime" : "NaN",
    "medianResTime" : "NaN",
    "minResTime" : 9.223372036854776E18,
    "maxResTime" : -9.223372036854776E18,
    "pct1ResTime" : "NaN",
    "pct2ResTime" : "NaN",
    "pct3ResTime" : "NaN",
    "throughput" : 0.0,
    "receivedKBytesPerSec" : 0.0,
    "sentKBytesPerSec" : 0.0
  },
  "T02_GetUserByID" : {
    "transaction" : "T02_GetUserByID",
    "sampleCount" : 148,
    "errorCount" : 0,
    "errorPct" : 0.0,
    "meanResTime" : 5017.966216216214,
    "medianResTime" : 5018.0,
    "minResTime" : 5015.0,
    "maxResTime" : 5025.0,
    "pct1ResTime" : 5020.0,
    "pct2ResTime" : 5021.55,
    "pct3ResTime" : 5024.51,
    "throughput" : 0.47732696897374705,
    "receivedKBytesPerSec" : 0.697811008353222,
    "sentKBytesPerSec" : 0.07924373508353222
  }
}