{
  "T03_Create" : {
    "transaction" : "T03_Create",
    "sampleCount" : 144,
    "errorCount" : 0,
    "errorPct" : 0.0,
    "meanResTime" : 64.99999999999999,
    "medianResTime" : 62.0,
    "minResTime" : 57.0,
    "maxResTime" : 158.0,
    "pct1ResTime" : 72.5,
    "pct2ResTime" : 79.75,
    "pct3ResTime" : 138.6500000000005,
    "throughput" : 0.4954310249917428,
    "receivedKBytesPerSec" : 0.699582635916685,
    "sentKBytesPerSec" : 0.14756490490476715
  },
  "T04_Update" : {
    "transaction" : "T04_Update",
    "sampleCount" : 144,
    "errorCount" : 0,
    "errorPct" : 0.0,
    "meanResTime" : 111.53472222222217,
    "medianResTime" : 103.0,
    "minResTime" : 95.0,
    "maxResTime" : 296.0,
    "pct1ResTime" : 120.5,
    "pct2ResTime" : 176.25,
    "pct3ResTime" : 293.30000000000007,
    "throughput" : 0.49542591146326104,
    "receivedKBytesPerSec" : 0.6369248146023347,
    "sentKBytesPerSec" : 0.15433678296560574
  },
  "T01_GetUsers" : {
    "transaction" : "T01_GetUsers",
    "sampleCount" : 152,
    "errorCount" : 0,
    "errorPct" : 0.0,
    "meanResTime" : 80.34868421052632,
    "medianResTime" : 71.0,
    "minResTime" : 64.0,
    "maxResTime" : 274.0,
    "pct1ResTime" : 98.40000000000003,
    "pct2ResTime" : 126.49999999999994,
    "pct3ResTime" : 274.0,
    "throughput" : 0.4885276355583839,
    "receivedKBytesPerSec" : 13.712778141361255,
    "sentKBytesPerSec" : 0.08014906520879735
  },
  "T05_Delete" : {
    "transaction" : "T05_Delete",
    "sampleCount" : 144,
    "errorCount" : 0,
    "errorPct" : 0.0,
    "meanResTime" : 110.93055555555559,
    "medianResTime" : 102.5,
    "minResTime" : 94.0,
    "maxResTime" : 219.0,
    "pct1ResTime" : 148.5,
    "pct2ResTime" : 167.0,
    "pct3ResTime" : 217.65000000000003,
    "throughput" : 0.49556230835676357,
    "receivedKBytesPerSec" : 0.5747583112079675,
    "sentKBytesPerSec" : 0.09049819498311991
  },
  "Total" : {
    "transaction" : "Total",
    "sampleCount" : 0,
    "errorCount" : 0,
    "errorPct" : "NaN",
    "meanResTime" : "NaN",
    "medianResTime" : "NaN",
    "minResTime" : 9.223372036854776E18,
    "maxResTime" : -9.223372036854776E18,
    "pct1ResTime" : "NaN",
    "pct2ResTime" : "NaN",
    "pct3ResTime" : "NaN",
    "throughput" : 0.0,
    "receivedKBytesPerSec" : 0.0,
    "sentKBytesPerSec" : 0.0
  },
  "T02_GetUserByID" : {
    "transaction" : "T02_GetUserByID",
    "sampleCount" : 148,
    "errorCount" : 0,
    "errorPct" : 0.0,
    "meanResTime" : 29.65540540540541,
    "medianResTime" : 28.0,
    "minResTime" : 24.0,
    "maxResTime" : 70.0,
    "pct1ResTime" : 34.0,
    "pct2ResTime" : 36.0,
    "pct3ResTime" : 60.19999999999982,
    "throughput" : 0.4848627805570025,
    "receivedKBytesPerSec" : 0.7070233028983656,
    "sentKBytesPerSec" : 0.08049479755340862
  }
}