{
  "T03_Create" : {
    "transaction" : "T03_Create",
    "sampleCount" : 144,
    "errorCount" : 0,
    "errorPct" : 0.0,
    "meanResTime" : 62.67361111111109,
    "medianResTime" : 60.0,
    "minResTime" : 55.0,
    "maxResTime" : 130.0,
    "pct1ResTime" : 63.0,
    "pct2ResTime" : 68.25,
    "pct3ResTime" : 129.55,
    "throughput" : 0.49649522640527116,
    "receivedKBytesPerSec" : 0.7005735661976396,
    "sentKBytesPerSec" : 0.14788187895860125
  },
  "T04_Update" : {
    "transaction" : "T04_Update",
    "sampleCount" : 144,
    "errorCount" : 0,
    "errorPct" : 0.0,
    "meanResTime" : 102.65277777777781,
    "medianResTime" : 99.0,
    "minResTime" : 93.0,
    "maxResTime" : 184.0,
    "pct1ResTime" : 106.0,
    "pct2ResTime" : 136.0,
    "pct3ResTime" : 181.75000000000006,
    "throughput" : 0.49647468496267816,
    "receivedKBytesPerSec" : 0.6384751450206002,
    "sentKBytesPerSec" : 0.15466350049130306
  },
  "T01_GetUsers" : {
    "transaction" : "T01_GetUsers",
    "sampleCount" : 152,
    "errorCount" : 0,
    "errorPct" : 0.0,
    "meanResTime" : 77.78947368421056,
    "medianResTime" : 68.0,
    "minResTime" : 61.0,
    "maxResTime" : 278.0,
    "pct1ResTime" : 97.2000000000001,
    "pct2ResTime" : 124.04999999999998,
    "pct3ResTime" : 277.47,
    "throughput" : 0.488955083685306,
    "receivedKBytesPerSec" : 13.724584815411413,
    "sentKBytesPerSec" : 0.0802191934171205
  },
  "T05_Delete" : {
    "transaction" : "T05_Delete",
    "sampleCount" : 144,
    "errorCount" : 0,
    "errorPct" : 0.0,
    "meanResTime" : 100.24305555555557,
    "medianResTime" : 97.0,
    "minResTime" : 93.0,
    "maxResTime" : 178.0,
    "pct1ResTime" : 102.5,
    "pct2ResTime" : 117.0,
    "pct3ResTime" : 173.9500000000001,
    "throughput" : 0.49662536169156113,
    "receivedKBytesPerSec" : 0.5753311320730315,
    "sentKBytesPerSec" : 0.09069232679328314
  },
  "Total" : {
    "transaction" : "Total",
    "sampleCount" : 0,
    "errorCount" : 0,
    "errorPct" : "NaN",
    "meanResTime" : "NaN",
    "medianResTime" : "NaN",
    "minResTime" : 9.223372036854776E18,
    "maxResTime" : -9.223372036854776E18,
    "pct1ResTime" : "NaN",
    "pct2ResTime" : "NaN",
    "pct3ResTime" : "NaN",
    "throughput" : 0.0,
    "receivedKBytesPerSec" : 0.0,
    "sentKBytesPerSec" : 0.0
  },
  "T02_GetUserByID" : {
    "transaction" : "T02_GetUserByID",
    "sampleCount" : 148,
    "errorCount" : 0,
    "errorPct" : 0.0,
    "meanResTime" : 26.60135135135136,
    "medianResTime" : 26.0,
    "minResTime" : 23.0,
    "maxResTime" : 34.0,
    "pct1ResTime" : 29.0,
    "pct2ResTime" : 30.549999999999983,
    "pct3ResTime" : 34.0,
    "throughput" : 0.4857013461803527,
    "receivedKBytesPerSec" : 0.7076884492507729,
    "sentKBytesPerSec" : 0.08063401254947263
  }
}